document.id,boardapprovaldate,closingdate,countryshortname,project_name,regionname,totalamt,_id.$oid,..JSON
1,2013-11-12T00:00:00Z,2018-07-07T00:00:00Z,Ethiopia,Ethiopia General Education Quality Improvement Project II,Africa,130000000,52b213b38594d8a2be17c780,
2,2013-11-04T00:00:00Z,NA,Tunisia,TN: DTF Social Protection Reforms Support,Middle East and North Africa,0,52b213b38594d8a2be17c781,
3,2013-11-01T00:00:00Z,NA,Tuvalu,Tuvalu Aviation Investment Project - Additional Financing,East Asia and Pacific,6060000,52b213b38594d8a2be17c782,
4,2013-10-31T00:00:00Z,NA,"Yemen, Republic of",Gov't and Civil Society Organization Partnership,Middle East and North Africa,0,52b213b38594d8a2be17c783,
5,2013-10-31T00:00:00Z,2019-04-30T00:00:00Z,Lesotho,Second Private Sector Competitiveness and Economic Diversification Prj,Africa,13100000,52b213b38594d8a2be17c784,
6,2013-10-31T00:00:00Z,NA,Kenya,Additional Financing for Cash Transfers for Orphans and Vulnerable Children,Africa,10000000,52b213b38594d8a2be17c785,
7,2013-10-29T00:00:00Z,2019-06-30T00:00:00Z,India,National Highways Interconnectivity Improvement Project,South Asia,500000000,52b213b38594d8a2be17c786,
8,2013-10-29T00:00:00Z,NA,China,China Renewable Energy Scale-Up Program Phase II,East Asia and Pacific,0,52b213b38594d8a2be17c787,
9,2013-10-29T00:00:00Z,2018-12-31T00:00:00Z,India,Rajasthan Road Sector Modernization Project,South Asia,160000000,52b213b38594d8a2be17c788,
10,2013-10-29T00:00:00Z,2014-12-31T00:00:00Z,Morocco,MA Accountability and Transparency DPL,Middle East and North Africa,200000000,52b213b38594d8a2be17c789,
11,2013-10-25T00:00:00Z,NA,South Sudan,Southern Sudan Emergency Food Crisis Response Project- AF III,Africa,0,52b213b38594d8a2be17c78a,
12,2013-10-25T00:00:00Z,2017-12-31T00:00:00Z,India,Uttarakhand Disaster Recovery Project,South Asia,250000000,52b213b38594d8a2be17c78b,
13,2013-10-24T00:00:00Z,2019-06-30T00:00:00Z,Ghana,GH eTransform Ghana,Africa,97000000,52b213b38594d8a2be17c78c,
14,2013-10-22T00:00:00Z,NA,Timor-Leste,Timor Leste Road Climate Resilience Project - Additional Financing,East Asia and Pacific,40000000,52b213b38594d8a2be17c78d,
15,2013-10-22T00:00:00Z,NA,Jordan,NATIONAL UNIFIED REGISTRY AND OUTREACH WORKER PROGRAM,Middle East and North Africa,0,52b213b38594d8a2be17c78e,
16,2013-10-17T00:00:00Z,2019-04-30T00:00:00Z,Samoa,Enhanced Road Access Project,East Asia and Pacific,20000000,52b213b38594d8a2be17c78f,
17,2013-10-17T00:00:00Z,2015-12-31T00:00:00Z,Samoa,Samoa Agriculture & Fisheries Cyclone Response Project,East Asia and Pacific,5000000,52b213b38594d8a2be17c790,
18,2013-10-16T00:00:00Z,NA,Madagascar,Emergency Support to Education For all Project,Africa,0,52b213b38594d8a2be17c791,
19,2013-10-16T00:00:00Z,NA,Cambodia,Additional Financing for the Second Health Sector Support Project,East Asia and Pacific,0,52b213b38594d8a2be17c792,
20,2013-10-10T00:00:00Z,NA,Morocco,DTF:MA- Support New Governance Framework,Middle East and North Africa,0,52b213b38594d8a2be17c793,
21,2013-10-09T00:00:00Z,NA,Kyrgyz Republic,SOCIAL COHESION THROUGH COMMUNITY-BASED DEVELOPMENT,Europe and Central Asia,0,52b213b38594d8a2be17c794,
22,2013-10-07T00:00:00Z,NA,Nepal,Nepal: Pro-poor Urban Regeneration Pilot,South Asia,0,52b213b38594d8a2be17c795,
23,2013-10-07T00:00:00Z,NA,Jordan,Jordan- Emergency Services and Social Resilience,Middle East and North Africa,0,52b213b38594d8a2be17c796,
24,2013-10-03T00:00:00Z,NA,Tajikistan,Tajikistan JSDF Nutrition Grant Scale Up,Europe and Central Asia,0,52b213b38594d8a2be17c797,
25,2013-09-30T00:00:00Z,2018-12-31T00:00:00Z,Azerbaijan,AGRICULTURAL COMPETITIVENESS IMPROVEMENT PROJECT,Europe and Central Asia,34500000,52b213b38594d8a2be17c798,
26,2013-09-30T00:00:00Z,NA,East Asia and Pacific,Capturing Coral Reef Ecosystem Services (CCRES),East Asia and Pacific,0,52b213b38594d8a2be17c799,
27,2013-09-30T00:00:00Z,2014-03-31T00:00:00Z,Lao People's Democratic Republic,Lao PDR Ninth Poverty Reduction Support Operation,East Asia and Pacific,20000000,52b213b38594d8a2be17c79a,
28,2013-09-30T00:00:00Z,2018-12-31T00:00:00Z,Pacific Islands,Pacific Aviation Safety Office Reform,East Asia and Pacific,2150000,52b213b38594d8a2be17c79b,
29,2013-09-30T00:00:00Z,NA,Solomon Islands,Additional Financing 2 - Solomon Islands Rural Development Program,East Asia and Pacific,3000000,52b213b38594d8a2be17c79c,
30,2013-09-27T00:00:00Z,NA,Mozambique,Water Resources Development Flood Response Additional Financing,Africa,32000000,52b213b38594d8a2be17c79d,
31,2013-09-26T00:00:00Z,2018-04-30T00:00:00Z,Angola,Angola Learning for All Project,Africa,75000000,52b213b38594d8a2be17c79e,
32,2013-09-26T00:00:00Z,NA,Tanzania,Kihansi Catchment Conservation and Management Project,Africa,0,52b213b38594d8a2be17c79f,
33,2013-09-26T00:00:00Z,2018-12-31T00:00:00Z,Nigeria,Housing Finance Development Program,Africa,300000000,52b213b38594d8a2be17c7a0,
34,2013-09-26T00:00:00Z,2014-06-30T00:00:00Z,Seychelles,Sustainability and Competitiveness DPL 2,Africa,7000000,52b213b38594d8a2be17c7a1,
35,2013-09-26T00:00:00Z,NA,Bangladesh,Additional Financing: Skills and Training Enhancement Project,South Asia,0,52b213b38594d8a2be17c7a2,
36,2013-09-25T00:00:00Z,2019-06-30T00:00:00Z,Senegal,SN:Casamance Development Pole Project,Africa,40000000,52b213b38594d8a2be17c7a3,
37,2013-09-24T00:00:00Z,2018-04-30T00:00:00Z,Myanmar,Electric Power Project,East Asia and Pacific,140000000,52b213b38594d8a2be17c7a4,
38,2013-09-23T00:00:00Z,NA,West Bank and Gaza,West Bank and Gaza Cash Transfer Project Additional Financing,Middle East and North Africa,0,52b213b38594d8a2be17c7a5,
39,2013-09-20T00:00:00Z,NA,Argentina,Adaptation Fund: Increasing Climate Resilience & Enhancing Sustainable Land Management in the Southwest of the Buenos Aires Province,Latin America and Caribbean,0,52b213b38594d8a2be17c7a6,
40,2013-09-20T00:00:00Z,NA,"Gambia, The",GM-Integrated Financial Management and Information System Project-Additional Financing,Africa,5000000,52b213b38594d8a2be17c7a7,
41,2013-09-17T00:00:00Z,2018-12-31T00:00:00Z,Russian Federation,RUSSIA HYDROMETEOROLOGICAL SERVICES MODERNIZATION,Europe and Central Asia,60000000,52b213b38594d8a2be17c7a8,
42,2013-09-17T00:00:00Z,2018-09-30T00:00:00Z,"Congo, Republic of",Congo Skills Development for Employability Project,Africa,10000000,52b213b38594d8a2be17c7a9,
43,2013-09-13T00:00:00Z,2017-12-31T00:00:00Z,Russian Federation,Public Finance Management Technical Assistance Project,Europe and Central Asia,50000000,52b213b38594d8a2be17c7aa,
44,2013-09-12T00:00:00Z,2010-06-30T00:00:00Z,Sao Tome and Principe,Sao Tome & Principe-Extractive Industries Transparency Initiative,Africa,0,52b213b38594d8a2be17c7ab,
45,2013-09-12T00:00:00Z,NA,Solomon Islands,Solomon Islands - Extractive Industries Transparency Initiative Implementation,East Asia and Pacific,0,52b213b38594d8a2be17c7ac,
46,2013-09-12T00:00:00Z,NA,Africa,West Africa  Regional Disease Surveillance Capacity Strengthening,Africa,0,52b213b38594d8a2be17c7ad,
47,2013-09-10T00:00:00Z,2018-06-30T00:00:00Z,Africa,RCIP4 - Regional Communications Infrastructure Program - APL 4,Africa,22000000,52b213b38594d8a2be17c7ae,
48,2013-09-09T00:00:00Z,NA,Ukraine,Ukraine - Smart Grid Project &#8211; PPG,Europe and Central Asia,0,52b213b38594d8a2be17c7af,
49,2013-09-06T00:00:00Z,2017-04-30T00:00:00Z,Comoros,KM-Electricity Sect. Recovery Proj(FY14),Africa,5000000,52b213b38594d8a2be17c7b0,
50,2013-09-06T00:00:00Z,2014-12-31T00:00:00Z,Colombia,CO: Enhancing Fiscal Capacity to Promote Shared Prosperity DPL,Latin America and Caribbean,600000000,52b213b38594d8a2be17c7b1,
51,2013-09-05T00:00:00Z,NA,"Yemen, Republic of",Climate Information System and PPCR Coordination,Middle East and North Africa,0,52b213b38594d8a2be17c7b2,
52,2013-09-04T00:00:00Z,NA,Africa,"Building Resilience through Innovation, Communication & Knowledge Svcs",Africa,0,52b213b38594d8a2be17c7b3,
53,2013-09-02T00:00:00Z,NA,Pacific Islands,Pacific Catastrophe Risk Assessment and Financing Initiative Phase 3 - (RETF),East Asia and Pacific,0,52b213b38594d8a2be17c7b4,
54,2013-08-30T00:00:00Z,2013-12-31T00:00:00Z,Cote d'Ivoire,Cote d'Ivoire PRSC 1,Africa,50000000,52b213b38594d8a2be17c7b5,
55,2013-08-30T00:00:00Z,NA,Sierra Leone,SL-RCHP2 Add'l Financing (FY13),Africa,13000000,52b213b38594d8a2be17c7b6,
56,2013-08-29T00:00:00Z,NA,World,Red Sea and Gulf of Aden Strategic Ecosystem Management GEF Project,Other,0,52b213b38594d8a2be17c7b7,
57,2013-08-29T00:00:00Z,NA,Pacific Islands,FSM and PW Telecoms & ICT TA Project,East Asia and Pacific,0,52b213b38594d8a2be17c7b8,
58,2013-08-28T00:00:00Z,2020-10-31T00:00:00Z,India,Uttar Pradesh Water Sector Restructuring Project Phase 2,South Asia,360000000,52b213b38594d8a2be17c7b9,
59,2013-08-28T00:00:00Z,NA,Africa,Fighting against wildlife poaching and illegal trade in Africa,Africa,0,52b213b38594d8a2be17c7ba,
60,2013-08-27T00:00:00Z,2014-12-31T00:00:00Z,Solomon Islands,Solomon Islands Development Policy Operation-2,East Asia and Pacific,2000000,52b213b38594d8a2be17c7bb,
61,2013-08-26T00:00:00Z,2015-09-20T00:00:00Z,Peru,Peru - Post Compliance I,Latin America and Caribbean,0,52b213b38594d8a2be17c7bc,
62,2013-08-08T00:00:00Z,2017-10-30T00:00:00Z,Cote d'Ivoire,Agriculture Sector Support Project,Africa,50000000,52b213b38594d8a2be17c7bd,
63,2013-08-08T00:00:00Z,2018-06-30T00:00:00Z,Ecuador,EC Manta Public Services Improvement Project,Latin America and Caribbean,100000000,52b213b38594d8a2be17c7be,
64,2013-08-08T00:00:00Z,NA,Honduras,Honduras Additional Financing Social Protection,Latin America and Caribbean,12300000,52b213b38594d8a2be17c7bf,
65,2013-08-07T00:00:00Z,2015-06-15T00:00:00Z,Afghanistan,AF: Development Policy Prog. Series,South Asia,50000000,52b213b38594d8a2be17c7c0,
66,2013-08-06T00:00:00Z,2020-12-31T00:00:00Z,Africa,Regional Rusumo Falls Hydroelectric Project,Africa,339900000,52b213b38594d8a2be17c7c1,
67,2013-08-01T00:00:00Z,2021-12-31T00:00:00Z,Morocco,Municipal Solid Waste Carbon Financing Program,Middle East and North Africa,0,52b213b38594d8a2be17c7c2,
68,2013-08-01T00:00:00Z,2015-06-30T00:00:00Z,Mauritania,Mauritania - TFSCB - Support to NSDS implementation,Africa,0,52b213b38594d8a2be17c7c3,
69,2013-07-31T00:00:00Z,2017-12-31T00:00:00Z,Lebanon,LB: Mobile Internet Ecosystem Project (MIEP),Middle East and North Africa,6400000,52b213b38594d8a2be17c7c4,
70,2013-07-31T00:00:00Z,NA,West Bank and Gaza,GZ-PNGO IV AF,Middle East and North Africa,0,52b213b38594d8a2be17c7c5,
71,2013-07-30T00:00:00Z,2019-01-31T00:00:00Z,Tajikistan,Tajikistan Health Services Improvement Project (HSIP),Europe and Central Asia,15000000,52b213b38594d8a2be17c7c6,
72,2013-07-30T00:00:00Z,2018-09-30T00:00:00Z,Burkina Faso,Burkina Faso Electricity Sector Support Project,Africa,50000000,52b213b38594d8a2be17c7c7,
73,2013-07-30T00:00:00Z,NA,Argentina,Montreal Protocol Hydrochlorofluorocarbons (HCFC) Phase-out Project,Latin America and Caribbean,0,52b213b38594d8a2be17c7c8,
74,2013-07-29T00:00:00Z,2016-08-31T00:00:00Z,Marshall Islands,MH:  ICT Technical Assistance Project,East Asia and Pacific,0,52b213b38594d8a2be17c7c9,
75,2013-07-25T00:00:00Z,2019-09-30T00:00:00Z,Mozambique,Greater Maputo Water Supply Expansion Project,Africa,178000000,52b213b38594d8a2be17c7ca,
76,2013-07-25T00:00:00Z,2014-09-30T00:00:00Z,Kyrgyz Republic,Programmatic Development Policy Operation 1,Europe and Central Asia,25000000,52b213b38594d8a2be17c7cb,
77,2013-07-25T00:00:00Z,2019-12-31T00:00:00Z,"Yemen, Republic of",Financial Infrastructure Project,Middle East and North Africa,20000000,52b213b38594d8a2be17c7cc,
78,2013-07-25T00:00:00Z,2018-12-31T00:00:00Z,Ecuador,Quito Metro Line One,Latin America and Caribbean,205000000,52b213b38594d8a2be17c7cd,
79,2013-07-23T00:00:00Z,2015-08-03T00:00:00Z,Liberia,Liberia EITI - Post Compliance I,Africa,0,52b213b38594d8a2be17c7ce,
80,2013-07-23T00:00:00Z,2018-03-31T00:00:00Z,Kenya,National Safety Net Program for Results,Africa,250000000,52b213b38594d8a2be17c7cf,
81,2013-07-22T00:00:00Z,NA,Kyrgyz Republic,State Assets Inventory and Registry,Europe and Central Asia,0,52b213b38594d8a2be17c7d0,
82,2013-07-22T00:00:00Z,2015-02-28T00:00:00Z,Tunisia,Tunisia - Communications for policy reforms,Middle East and North Africa,0,52b213b38594d8a2be17c7d1,
83,2013-07-18T00:00:00Z,2014-07-31T00:00:00Z,Jordan,Mitigate the Impact of Syrian Displacement on Jordan,Middle East and North Africa,150000000,52b213b38594d8a2be17c7d2,
84,2013-07-17T00:00:00Z,2014-07-14T00:00:00Z,Mozambique,MZ Extractive Industries Transparancy Initiative Post Compliance I,Africa,0,52b213b38594d8a2be17c7d3,
85,2013-07-16T00:00:00Z,2014-03-31T00:00:00Z,Mozambique,Ninth Poverty Reduction Support Credit (PRSC 9),Africa,110000000,52b213b38594d8a2be17c7d4,
86,2013-07-16T00:00:00Z,NA,Tajikistan,Global Partnership for Education (GPE)-4,Europe and Central Asia,0,52b213b38594d8a2be17c7d5,
87,2013-07-12T00:00:00Z,2015-03-31T00:00:00Z,Samoa,Samoa Development Policy Operation,East Asia and Pacific,15000000,52b213b38594d8a2be17c7d6,
88,2013-07-11T00:00:00Z,2018-03-31T00:00:00Z,Morocco,Strengthening micro-entrepreneurship for disadvantaged youth,Middle East and North Africa,0,52b213b38594d8a2be17c7d7,
89,2013-07-10T00:00:00Z,2015-11-30T00:00:00Z,Tajikistan,TJ-Public Procurement Capacity Building,Europe and Central Asia,0,52b213b38594d8a2be17c7d8,
90,2013-07-10T00:00:00Z,NA,Zimbabwe,Additional Financing Health Sector Development Support Project,Africa,0,52b213b38594d8a2be17c7d9,
91,2013-07-09T00:00:00Z,2016-12-30T00:00:00Z,Mali,Mali Emergency Education For All Project,Africa,0,52b213b38594d8a2be17c7da,
92,2013-07-09T00:00:00Z,2018-01-31T00:00:00Z,Morocco,Morocco Microfinance Development Project,Middle East and North Africa,0,52b213b38594d8a2be17c7db,
93,2013-07-08T00:00:00Z,2018-12-31T00:00:00Z,Indonesia,Indonesia Second Power Transmission Development Project,East Asia and Pacific,325000000,52b213b38594d8a2be17c7dc,
94,2013-07-01T00:00:00Z,2018-06-30T00:00:00Z,Afghanistan,Afghanistan Agricultural Inputs Project (AAIP),South Asia,0,52b213b38594d8a2be17c7dd,
95,2013-07-01T00:00:00Z,2015-06-30T00:00:00Z,Armenia,Armenia Pilot Agricultural Census implementation support,Europe and Central Asia,0,52b213b38594d8a2be17c7de,
96,2013-06-28T00:00:00Z,2017-12-31T00:00:00Z,Guinea,Guinea - MSME Development Project,Africa,10000000,52b213b38594d8a2be17c7df,
97,2013-06-28T00:00:00Z,2015-03-31T00:00:00Z,Nigeria,Nigeria Agriculture Sector Development Policy Operation,Africa,100000000,52b213b38594d8a2be17c7e0,
98,2013-06-28T00:00:00Z,NA,Nigeria,THIRD NATIONAL FADAMA DEVELOPMENT PROJECT - ADDITIONAL FINANCING,Africa,200000000,52b213b38594d8a2be17c7e1,
99,2013-06-28T00:00:00Z,2019-12-31T00:00:00Z,South Asia,Nepal-India Regional Trade And Transport Project,South Asia,99000000,52b213b38594d8a2be17c7e2,
100,2013-06-28T00:00:00Z,NA,Africa,Additional Financing-West Africa Agricultural Productivity Program 2A,Africa,60000000,52b213b38594d8a2be17c7e3,
101,2013-06-27T00:00:00Z,2021-12-31T00:00:00Z,Kazakhstan,Second Irrigation and Drainage Improvement Project,Europe and Central Asia,102900000,52b213b38594d8a2be17c7e4,
102,2013-06-27T00:00:00Z,2019-06-30T00:00:00Z,"Egypt, Arab Republic of",EG - Helwan South Power Project,Middle East and North Africa,585400000,52b213b38594d8a2be17c7e5,
103,2013-06-27T00:00:00Z,2013-12-31T00:00:00Z,Nepal,NP: Financial sector stability DPC,South Asia,30000000,52b213b38594d8a2be17c7e6,
104,2013-06-27T00:00:00Z,NA,Croatia,Croatia Export Financing Guarantee Operation,Europe and Central Asia,256400000,52b213b38594d8a2be17c7e7,
105,2013-06-27T00:00:00Z,2014-03-31T00:00:00Z,Georgia,Georgia Competitiveness and Growth DPO2,Europe and Central Asia,60000000,52b213b38594d8a2be17c7e8,
106,2013-06-27T00:00:00Z,NA,Azerbaijan,AZ Integrated Solid Waste Management Project (AF),Europe and Central Asia,47100000,52b213b38594d8a2be17c7e9,
107,2013-06-27T00:00:00Z,NA,Azerbaijan,Rail Trade and Transport Facilitation AF,Europe and Central Asia,220000000,52b213b38594d8a2be17c7ea,
108,2013-06-26T00:00:00Z,2014-06-30T00:00:00Z,Liberia,LR-Poverty Reduction Strategy Credit I,Africa,10000000,52b213b38594d8a2be17c7eb,
109,2013-06-26T00:00:00Z,2020-12-31T00:00:00Z,Bangladesh,Coastal Embankment Improvement Project - Phase I (CEIP-I),South Asia,375000000,52b213b38594d8a2be17c7ec,
110,2013-06-26T00:00:00Z,2017-12-29T00:00:00Z,Turkey,TR Third Access to Finance for SMEs (SME III),Europe and Central Asia,300000000,52b213b38594d8a2be17c7ed,
111,2013-06-26T00:00:00Z,2017-12-31T00:00:00Z,Bangladesh,Bangladesh Safety Net Systems for the Poorest Project,South Asia,500000000,52b213b38594d8a2be17c7ee,
112,2013-06-25T00:00:00Z,2019-05-31T00:00:00Z,Brazil,Rio Grande do Norte: Regional Development and Governance,Latin America and Caribbean,360000000,52b213b38594d8a2be17c7ef,
113,2013-06-25T00:00:00Z,2014-09-30T00:00:00Z,Brazil,Pernambuco Equity and Inclusive Growth DPL,Latin America and Caribbean,550000000,52b213b38594d8a2be17c7f0,
114,2013-06-24T00:00:00Z,2019-06-30T00:00:00Z,Cape Verde,Cape Verde - Transport Sector Reform Project,Africa,19000000,52b213b38594d8a2be17c7f1,
115,2013-06-24T00:00:00Z,NA,Nepal,Additional Financing for Nepal-India Electricity Transmission and Trade Project,South Asia,39000000,52b213b38594d8a2be17c7f2,
116,2013-06-21T00:00:00Z,2020-06-30T00:00:00Z,Benin,Benin Cities Support Project,Africa,60000000,52b213b38594d8a2be17c7f3,
117,2013-06-21T00:00:00Z,2016-06-21T00:00:00Z,Bangladesh,Bangladesh: Safe Migration for Bangladeshi Workers,South Asia,0,52b213b38594d8a2be17c7f4,
118,2013-06-21T00:00:00Z,2018-10-31T00:00:00Z,Chad,Chad Education Sector Reform Project Phase 2,Africa,15000000,52b213b38594d8a2be17c7f5,
119,2013-06-21T00:00:00Z,2017-12-31T00:00:00Z,South Sudan,Safety Net and Skills Development,Africa,21000000,52b213b38594d8a2be17c7f6,
120,2013-06-20T00:00:00Z,2018-12-31T00:00:00Z,China,China: Guangdong Social Security Integration and Rural Worker Training,East Asia and Pacific,80000000,52b213b38594d8a2be17c7f7,
121,2013-06-20T00:00:00Z,2018-09-30T00:00:00Z,China,Anhui Xuancheng Infrastructure for Industry Relocation,East Asia and Pacific,150000000,52b213b38594d8a2be17c7f8,
122,2013-06-20T00:00:00Z,2018-10-31T00:00:00Z,China,China: Nanchang Urban Rail Project,East Asia and Pacific,250000000,52b213b38594d8a2be17c7f9,
123,2013-06-20T00:00:00Z,2018-07-31T00:00:00Z,India,Tamil Nadu and Puducherry Coastal Disaster Risk Reduction Project,South Asia,236000000,52b213b38594d8a2be17c7fa,
124,2013-06-19T00:00:00Z,NA,Honduras,HN RURAL INFRASTRUCTURE PROJECT (AF),Latin America and Caribbean,20000000,52b213b38594d8a2be17c7fb,
125,2013-06-19T00:00:00Z,NA,Honduras,HN AF WSS Modernization,Latin America and Caribbean,10000000,52b213b38594d8a2be17c7fc,
126,2013-06-18T00:00:00Z,2020-10-01T00:00:00Z,Kenya,Kenya Water Security and Climate Resilience Project,Africa,155000000,52b213b38594d8a2be17c7fd,
127,2013-06-18T00:00:00Z,2013-12-31T00:00:00Z,Mali,Mali RRSC,Africa,50000000,52b213b38594d8a2be17c7fe,
128,2013-06-18T00:00:00Z,2014-06-30T00:00:00Z,Haiti,Economic Reconstruction and Growth Development Policy Credit,Latin America and Caribbean,20000000,52b213b38594d8a2be17c7ff,
129,2013-06-18T00:00:00Z,2019-06-30T00:00:00Z,Mauritania,Local Government Development Program,Africa,25000000,52b213b38594d8a2be17c800,
130,2013-06-18T00:00:00Z,2014-06-30T00:00:00Z,Poland,Development Policy Loan 2,Europe and Central Asia,1307800000,52b213b38594d8a2be17c801,
131,2013-06-18T00:00:00Z,NA,Cote d'Ivoire,CI - 27  Gas Field Expansion,Africa,60000000,52b213b38594d8a2be17c802,
132,2013-06-18T00:00:00Z,2014-12-31T00:00:00Z,Middle East and North Africa,MNXTA: Enhancing Microfinance Amongst Women and Youth in MENA,Middle East and North Africa,0,52b213b38594d8a2be17c803,
133,2013-06-14T00:00:00Z,2014-12-31T00:00:00Z,Brazil,Belo Horizonte Urban Development Policy Loan,Latin America and Caribbean,200000000,52b213b38594d8a2be17c804,
134,2013-06-14T00:00:00Z,2018-04-30T00:00:00Z,Brazil,Rio de Janeiro Strengthening Public Sector Management Technical Assistance Project,Latin America and Caribbean,16200000,52b213b38594d8a2be17c805,
135,2013-06-14T00:00:00Z,2019-03-31T00:00:00Z,Brazil,Sao Paulo State Sustainable Transport Project,Latin America and Caribbean,300000000,52b213b38594d8a2be17c806,
136,2013-06-14T00:00:00Z,NA,Albania,"Albania MDTF for Extractive Industry Transparency Initiative (EITI), Implementation Support, Phase III",Europe and Central Asia,0,52b213b38594d8a2be17c807,
137,2013-06-13T00:00:00Z,NA,Afghanistan,Afghanistan: Safety Nets and Pensions Support Project - AF,South Asia,12500000,52b213b38594d8a2be17c808,
138,2013-06-13T00:00:00Z,2018-01-31T00:00:00Z,Senegal,Senegal Quality and Equity of Basic Education,Africa,20000000,52b213b38594d8a2be17c809,
139,2013-06-13T00:00:00Z,2015-12-31T00:00:00Z,Indonesia,Indonesia Phase II: EITI Implementation,East Asia and Pacific,0,52b213b38594d8a2be17c80a,
140,2013-06-12T00:00:00Z,2015-06-30T00:00:00Z,Vanuatu,Energy Sector Development Project,East Asia and Pacific,0,52b213b38594d8a2be17c80b,
141,2013-06-11T00:00:00Z,2019-08-30T00:00:00Z,"Congo, Democratic Republic of",Dem Rep Congo - Western Growth Poles,Africa,110000000,52b213b38594d8a2be17c80c,
142,2013-06-11T00:00:00Z,NA,"Congo, Democratic Republic of",DRC-Multi-Modal Transp Additional Financing,Africa,180000000,52b213b38594d8a2be17c80d,
143,2013-06-11T00:00:00Z,2017-06-30T00:00:00Z,Cameroon,Cameroon Flood Emergency Project,Africa,108000000,52b213b38594d8a2be17c80e,
144,2013-06-11T00:00:00Z,2015-06-11T00:00:00Z,"Yemen, Republic of",MNXTA: Yemen Enhancing Governance through Procurement,Middle East and North Africa,0,52b213b38594d8a2be17c80f,
145,2013-06-08T00:00:00Z,2015-12-31T00:00:00Z,"Yemen, Republic of",SME Revitalization and Employment Pilot Project,Middle East and North Africa,0,52b213b38594d8a2be17c810,
146,2013-06-07T00:00:00Z,2007-12-31T00:00:00Z,Chile,Sustainable Land Management Project,Latin America and Caribbean,0,52b213b38594d8a2be17c811,
147,2013-06-06T00:00:00Z,2018-11-30T00:00:00Z,Ghana,GH-GAMA Sanitation and Water Project,Africa,150000000,52b213b38594d8a2be17c812,
148,2013-06-06T00:00:00Z,2014-06-30T00:00:00Z,Turkey,Competitiveness and Savings Development Policy Loan (CSDPL),Europe and Central Asia,800000000,52b213b38594d8a2be17c813,
149,2013-06-06T00:00:00Z,2016-12-31T00:00:00Z,Ghana,Natural Resources and Environmental Governance Technical Assistance,Africa,5000000,52b213b38594d8a2be17c814,
150,2013-06-06T00:00:00Z,NA,Belarus,Additional Financing Belarus Energy Efficiency Project,Europe and Central Asia,90000000,52b213b38594d8a2be17c815,
151,2013-06-06T00:00:00Z,2015-06-30T00:00:00Z,Pakistan,Competitive Industries Project for Khyber Pakhtunkhwa,South Asia,0,52b213b38594d8a2be17c816,
152,2013-06-05T00:00:00Z,2018-12-31T00:00:00Z,Antigua and Barbuda,Public and Social Sector Transformation Project (PSST),Latin America and Caribbean,10000000,52b213b38594d8a2be17c817,
153,2013-06-05T00:00:00Z,2018-12-31T00:00:00Z,Djibouti,DJ Geothermal Power Generation Project,Middle East and North Africa,6000000,52b213b38594d8a2be17c818,
154,2013-06-05T00:00:00Z,NA,Djibouti,DJ (GEF) Geothermal Power Generation Program,Middle East and North Africa,0,52b213b38594d8a2be17c819,
155,2013-06-05T00:00:00Z,NA,Nepal,Second Additional Financing for the Poverty Alleviation FundII Project,South Asia,80000000,52b213b38594d8a2be17c81a,
156,2013-06-04T00:00:00Z,NA,Mongolia,Mongolia Livestock and Agricultural Marketing Project,East Asia and Pacific,0,52b213b38594d8a2be17c81b,
157,2013-06-04T00:00:00Z,2019-01-31T00:00:00Z,China,Ma'anshan Cihu River Basin Improvement Project,East Asia and Pacific,100000000,52b213b38594d8a2be17c81c,
158,2013-06-04T00:00:00Z,NA,Togo,Emergency Infrastructure Rehabilitation & Energy Project - Additional Financing,Africa,14000000,52b213b38594d8a2be17c81d,
159,2013-06-03T00:00:00Z,2014-06-30T00:00:00Z,Lesotho,LS- First Growth and Competitiveness DPG,Africa,20000000,52b213b38594d8a2be17c81e,
160,2013-06-03T00:00:00Z,2014-06-30T00:00:00Z,Sao Tome and Principe,Second Governance and Competitiveness Development Policy Operation,Africa,5500000,52b213b38594d8a2be17c81f,
161,2013-05-31T00:00:00Z,2019-06-30T00:00:00Z,Vietnam,"Fostering Innovation through Research, Science and Technology (FIRST)",East Asia and Pacific,100000000,52b213b38594d8a2be17c820,
162,2013-05-31T00:00:00Z,2019-12-31T00:00:00Z,Vietnam,North East and Red River Delta Regions Health System Support Project,East Asia and Pacific,150000000,52b213b38594d8a2be17c821,
163,2013-05-31T00:00:00Z,2019-03-31T00:00:00Z,China,Ningbo Municipal Solid Waste Minimization and Recycling Project,East Asia and Pacific,80000000,52b213b38594d8a2be17c822,
164,2013-05-31T00:00:00Z,2017-12-31T00:00:00Z,Pakistan,Punjab Health Sector Reform Project,South Asia,100000000,52b213b38594d8a2be17c823,
165,2013-05-31T00:00:00Z,2019-01-31T00:00:00Z,China,Guangxi Laibin Water Environment Project,East Asia and Pacific,80000000,52b213b38594d8a2be17c824,
166,2013-05-31T00:00:00Z,2018-08-31T00:00:00Z,Lao People's Democratic Republic,LA-Scaling-Up Participatory Sustainable Forest Management,East Asia and Pacific,19000000,52b213b38594d8a2be17c825,
167,2013-05-31T00:00:00Z,2017-12-22T00:00:00Z,Niger,PSG: Integrated Ecosystems Management,Africa,0,52b213b38594d8a2be17c826,
168,2013-05-30T00:00:00Z,2018-11-30T00:00:00Z,Africa,West Africa Regional Communications Infrastructure Project - APL 2,Africa,60000000,52b213b38594d8a2be17c827,
169,2013-05-30T00:00:00Z,2018-05-30T00:00:00Z,Liberia,Liberia Health Systems Strengthening,Africa,10000000,52b213b38594d8a2be17c828,
170,2013-05-30T00:00:00Z,2019-02-28T00:00:00Z,Zambia,Lusaka Transmission and Distribution Rehabilitation Project,Africa,105000000,52b213b38594d8a2be17c829,
171,2013-05-30T00:00:00Z,2018-06-30T00:00:00Z,Liberia,Liberia  Accelerated Electricity Expansion Project (LACEEP),Africa,35000000,52b213b38594d8a2be17c82a,
172,2013-05-28T00:00:00Z,2014-04-30T00:00:00Z,Morocco,Second Education Development Policy Loan,Middle East and North Africa,100000000,52b213b38594d8a2be17c82b,
173,2013-05-28T00:00:00Z,NA,Sudan,Sustainable livelihoods for displaced and vulnerable communities in Eastern Sudan,Africa,0,52b213b38594d8a2be17c82c,
174,2013-05-28T00:00:00Z,2013-12-31T00:00:00Z,Malawi,Malawi Economic Recovery Development Policy Operation 1,Africa,50000000,52b213b38594d8a2be17c82d,
175,2013-05-28T00:00:00Z,NA,Lao People's Democratic Republic,Lao PDR Customs and Trade Facilitation Project - Additional Financing,East Asia and Pacific,6500000,52b213b38594d8a2be17c82e,
176,2013-05-24T00:00:00Z,2017-12-22T00:00:00Z,Niger,NIGER COMMUNITY ACTION PROGRAM PHASE 3,Africa,40000000,52b213b38594d8a2be17c82f,
177,2013-05-24T00:00:00Z,NA,Indonesia,PNPM Justice Services,East Asia and Pacific,0,52b213b38594d8a2be17c830,
178,2013-05-23T00:00:00Z,2017-02-28T00:00:00Z,West Bank and Gaza,GZ-Second Municipal Development Project,Middle East and North Africa,0,52b213b38594d8a2be17c831,
179,2013-05-23T00:00:00Z,2013-09-30T00:00:00Z,West Bank and Gaza,WBG - PRDP Support V,Middle East and North Africa,0,52b213b38594d8a2be17c832,
180,2013-05-23T00:00:00Z,2017-12-31T00:00:00Z,Middle East and North Africa,MENA- Desert Ecosystems and Livelihoods Knowledge Sharing and Coordination Project,Middle East and North Africa,0,52b213b38594d8a2be17c833,
181,2013-05-23T00:00:00Z,2018-12-15T00:00:00Z,Burkina Faso,BF-Youth Employment & Skills Development,Africa,50000000,52b213b38594d8a2be17c834,
182,2013-05-22T00:00:00Z,2017-06-30T00:00:00Z,Armenia,IRRIGATION SYSTEM ENHANCEMENT PROJECT,Europe and Central Asia,30000000,52b213b38594d8a2be17c835,
183,2013-05-22T00:00:00Z,NA,Kazakhstan,Energy Efficiency Project,Europe and Central Asia,0,52b213b38594d8a2be17c836,
184,2013-05-22T00:00:00Z,NA,Uganda,Uganda Energy for Rural Transformation IPF Phase2 Additional Financing,Africa,12000000,52b213b38594d8a2be17c837,
185,2013-05-21T00:00:00Z,2018-12-31T00:00:00Z,Africa,Southern Africa Trade and Transport Facilitation Project,Africa,213000000,52b213b38594d8a2be17c838,
186,2013-05-21T00:00:00Z,2018-12-31T00:00:00Z,Haiti,Improving Maternal and Child Health through Integrated Social Services,Latin America and Caribbean,70000000,52b213b38594d8a2be17c839,
187,2013-05-21T00:00:00Z,2018-05-31T00:00:00Z,Haiti,Haiti Business Development and Investment Project,Latin America and Caribbean,20000000,52b213b38594d8a2be17c83a,
188,2013-05-21T00:00:00Z,2014-12-31T00:00:00Z,Brazil,Development Policies for the State of Sergipe,Latin America and Caribbean,150000000,52b213b38594d8a2be17c83b,
189,2013-05-21T00:00:00Z,2017-07-30T00:00:00Z,Togo,Cash Transfer Program for Vulnerable Children in Northern Togo,Africa,0,52b213b38594d8a2be17c83c,
190,2013-05-17T00:00:00Z,2018-12-31T00:00:00Z,Lebanon,Social Promotion And Protection Project,Middle East and North Africa,30000000,52b213b38594d8a2be17c83d,
191,2013-05-17T00:00:00Z,NA,"Yemen, Republic of",Yemen Public Finance Modernization Project - Additional Financing,Middle East and North Africa,5000000,52b213b38594d8a2be17c83e,
192,2013-05-16T00:00:00Z,2018-06-30T00:00:00Z,Burkina Faso,Burkina Faso  Donsin Transport Infrastructure Project,Africa,85000000,52b213b38594d8a2be17c83f,
193,2013-05-15T00:00:00Z,NA,Nepal,Nepal: School Sector Reform Program Additional Financing,South Asia,100000000,52b213b38594d8a2be17c840,
194,2013-05-15T00:00:00Z,NA,Bhutan,Sustainable Financing for Biodiversity Conservation and Natural Resources Management,South Asia,0,52b213b38594d8a2be17c841,
195,2013-05-15T00:00:00Z,2017-06-30T00:00:00Z,Nepal,Kali Gandaki A Hydropower Plant Rehabilitation Project (KGAHPRP),South Asia,27260000,52b213b38594d8a2be17c842,
196,2013-05-14T00:00:00Z,2018-12-31T00:00:00Z,India,India Low-Income Housing Finance,South Asia,100000000,52b213b38594d8a2be17c843,
197,2013-05-14T00:00:00Z,2019-04-30T00:00:00Z,India,India Second Kerala State Transport Project,South Asia,216000000,52b213b38594d8a2be17c844,
198,2013-05-14T00:00:00Z,2016-07-30T00:00:00Z,Moldova,Integration of Children with Disabilities into Mainstream Schools,Europe and Central Asia,0,52b213b38594d8a2be17c845,
199,2013-05-14T00:00:00Z,2014-06-30T00:00:00Z,Rwanda,Quality of Decentralized Service Delivery Support Development Policy Operation,Africa,50000000,52b213b38594d8a2be17c846,
200,2013-05-13T00:00:00Z,2018-11-30T00:00:00Z,Vietnam,Vietnam Inclusive Innovation Project,East Asia and Pacific,55000000,52b213b38594d8a2be17c847,
201,2013-05-13T00:00:00Z,2018-12-31T00:00:00Z,China,China: Jiangxi Shangrao Sanqingshan Airport Project,East Asia and Pacific,50000000,52b213b38594d8a2be17c848,
202,2013-05-10T00:00:00Z,NA,Kosovo,AF - Clean-up & Land Reclamation Project,Europe and Central Asia,4200000,52b213b38594d8a2be17c849,
203,2013-05-10T00:00:00Z,NA,Indonesia,ID-TF PNPM Disabled Persons Organisations Program,East Asia and Pacific,0,52b213b38594d8a2be17c84a,
204,2013-05-09T00:00:00Z,NA,"Congo, Democratic Republic of",Governance II,Africa,66950000,52b213b38594d8a2be17c84b,
205,2013-05-09T00:00:00Z,2019-12-31T00:00:00Z,Zambia,Zambia Strengthening Climate Resilience (PPCR Phase II),Africa,0,52b213b38594d8a2be17c84c,
206,2013-05-09T00:00:00Z,2019-07-31T00:00:00Z,"Congo, Democratic Republic of",DRC Urban  Development Project FY13,Africa,100000000,52b213b38594d8a2be17c84d,
207,2013-05-09T00:00:00Z,2018-02-28T00:00:00Z,Georgia,Fourth East West Highway Improvement Project,Europe and Central Asia,75000000,52b213b38594d8a2be17c84e,
208,2013-05-09T00:00:00Z,2019-03-31T00:00:00Z,Uganda,Competitiveness and Enterprise Development Project (CEDP),Africa,100000000,52b213b38594d8a2be17c84f,
209,2013-05-09T00:00:00Z,NA,Bangladesh,Additional Finaning of Public Procurement Reform Project II,South Asia,34500000,52b213b38594d8a2be17c850,
210,2013-05-09T00:00:00Z,NA,"Macedonia, former Yugoslav Republic of",Public Accounting Certification Training,Europe and Central Asia,0,52b213b38594d8a2be17c851,
211,2013-05-07T00:00:00Z,2013-12-31T00:00:00Z,Indonesia,ID-TF NATIONAL PROGRAM FOR COMMUNITY EMPOWERMENT IN RURAL AREAS HEALTHY AND BRIGHT GENERATION (PNPM GENERASI),East Asia and Pacific,0,52b213b38594d8a2be17c852,
212,2013-05-03T00:00:00Z,2018-12-31T00:00:00Z,Kyrgyz Republic,Kyrgyz Second Health and Social Protection Project,Europe and Central Asia,16500000,52b213b38594d8a2be17c853,
213,2013-05-02T00:00:00Z,NA,Indonesia,Add. Fin. - Third Water Supply and Sanitation for Low Income Communities (Community Based Water Supply/PAMSIMAS II),East Asia and Pacific,99900000,52b213b38594d8a2be17c854,
214,2013-05-02T00:00:00Z,2016-08-31T00:00:00Z,"Congo, Democratic Republic of",ZR SUPPORT TO BASIC EDUCATION PROGRAM,Africa,0,52b213b38594d8a2be17c855,
215,2013-05-01T00:00:00Z,2017-12-31T00:00:00Z,India,National AIDS Control Support Project,South Asia,255000000,52b213b38594d8a2be17c856,
216,2013-04-30T00:00:00Z,2019-11-30T00:00:00Z,Niger,Skills Development for Growth Project,Africa,30000000,52b213b38594d8a2be17c857,
217,2013-04-30T00:00:00Z,2017-04-30T00:00:00Z,Burundi,Sustainable Coffee Landscape Project,Africa,0,52b213b38594d8a2be17c858,
218,2013-04-30T00:00:00Z,2018-06-30T00:00:00Z,Mali,Emergency Safety Nets project (Jigis&#233;m&#233;jiri),Africa,70000000,52b213b38594d8a2be17c859,
219,2013-04-30T00:00:00Z,2018-06-30T00:00:00Z,Maldives,Enhancing Education Development Project,South Asia,10000000,52b213b38594d8a2be17c85a,
220,2013-04-30T00:00:00Z,2014-06-30T00:00:00Z,Niger,Second Shared Growth Credit,Africa,50000000,52b213b38594d8a2be17c85b,
221,2013-04-29T00:00:00Z,2017-06-30T00:00:00Z,Lao People's Democratic Republic,LAOSTAT-STRENGTHENING THE NATIONAL STATISTICAL SYSTEM PROJECT,East Asia and Pacific,0,52b213b38594d8a2be17c85c,
222,2013-04-26T00:00:00Z,2019-06-30T00:00:00Z,Vietnam,Danang Sustainable City Development Project (SCDP),East Asia and Pacific,202500000,52b213b38594d8a2be17c85d,
223,2013-04-26T00:00:00Z,2017-06-30T00:00:00Z,Croatia,Second Science & Technology Project,Europe and Central Asia,26240000,52b213b38594d8a2be17c85e,
224,2013-04-26T00:00:00Z,2019-06-30T00:00:00Z,Jordan,Jordan Ozone Depleting Substances HCFC Phase-Out Project (ODS3),Middle East and North Africa,0,52b213b38594d8a2be17c85f,
225,2013-04-26T00:00:00Z,2018-10-31T00:00:00Z,Serbia,SERBIA ROAD REHABILITATION AND SAFETY PROJECT,Europe and Central Asia,100000000,52b213b38594d8a2be17c860,
226,2013-04-26T00:00:00Z,2019-03-31T00:00:00Z,Romania,Revenue Administration Modernization Project,Europe and Central Asia,91800000,52b213b38594d8a2be17c861,
227,2013-04-26T00:00:00Z,NA,China,Urban Scale Building Energy Efficiency and Renewable Energy,East Asia and Pacific,0,52b213b38594d8a2be17c862,
228,2013-04-26T00:00:00Z,NA,Uzbekistan,Additional Financing Energy Efficiency - Industrial Enterprises,Europe and Central Asia,100000000,52b213b38594d8a2be17c863,
229,2013-04-25T00:00:00Z,2018-11-30T00:00:00Z,Zambia,Zambia Water Resources Development Project,Africa,50000000,52b213b38594d8a2be17c864,
230,2013-04-25T00:00:00Z,2019-10-31T00:00:00Z,Mozambique,Mozambique - Integrated Growth Poles Project,Africa,100000000,52b213b38594d8a2be17c865,
231,2013-04-25T00:00:00Z,2013-12-31T00:00:00Z,Mozambique,MZ First Agriculture Development Policy Operation AgDPO-1,Africa,50000000,52b213b38594d8a2be17c866,
232,2013-04-25T00:00:00Z,2018-12-31T00:00:00Z,Mozambique,Climate Resilience: Transforming Hydro-Meteorological Services,Africa,0,52b213b38594d8a2be17c867,
233,2013-04-24T00:00:00Z,2013-12-31T00:00:00Z,Indonesia,PNPM Creative Communities II,East Asia and Pacific,0,52b213b38594d8a2be17c868,
234,2013-04-19T00:00:00Z,2016-04-30T00:00:00Z,Nicaragua,Education Sector Strategy Support Project,Latin America and Caribbean,0,52b213b38594d8a2be17c869,
235,2013-04-19T00:00:00Z,NA,Armenia,Preparation of SREP Investment Plan,Europe and Central Asia,0,52b213b38594d8a2be17c86a,
236,2013-04-18T00:00:00Z,2016-08-31T00:00:00Z,Lao People's Democratic Republic,LA-Nam Et-Phou Louey Tiger Landscape Conservation Project,East Asia and Pacific,0,52b213b38594d8a2be17c86b,
237,2013-04-18T00:00:00Z,NA,Kyrgyz Republic,Kyrgyz Health Results Based Financing,Europe and Central Asia,0,52b213b38594d8a2be17c86c,
238,2013-04-18T00:00:00Z,NA,Burundi,Emergency Demobilization and Transitional Reintegration Project AF,Africa,0,52b213b38594d8a2be17c86d,
239,2013-04-16T00:00:00Z,2014-04-30T00:00:00Z,World,National Human and Animal Health Systems Assessment Tools and Bridges,Other,0,52b213b38594d8a2be17c86e,
240,2013-04-16T00:00:00Z,NA,"Yemen, Republic of",Yemen: Preparation of SREP Investment Plan,Middle East and North Africa,0,52b213b38594d8a2be17c86f,
241,2013-04-11T00:00:00Z,2017-06-30T00:00:00Z,Lesotho,Lesotho Maternal & Newborn Health PBF,Africa,12000000,52b213b38594d8a2be17c870,
242,2013-04-10T00:00:00Z,NA,Papua New Guinea,Multi-Donor Trust Fund for PNG-IBBS,East Asia and Pacific,0,52b213b38594d8a2be17c871,
243,2013-04-10T00:00:00Z,NA,Cote d'Ivoire,"Social Inclusion and Improvement of Livelihoods of Youth, Vulnerable Women and Handicapped in Post Conflict Western Cote d&#8217;Ivoire",Africa,0,52b213b38594d8a2be17c872,
244,2013-04-09T00:00:00Z,2013-12-31T00:00:00Z,Benin,BJ-PRSC 8-Eighth Poverty Reduction Suppo,Africa,30000000,52b213b38594d8a2be17c873,
245,2013-04-02T00:00:00Z,NA,Peru,PE AF Sierra Rural Development Project,Latin America and Caribbean,20000000,52b213b38594d8a2be17c874,
246,2013-04-02T00:00:00Z,2018-12-31T00:00:00Z,Djibouti,DJ Improving Health Sector Performance,Middle East and North Africa,7000000,52b213b38594d8a2be17c875,
247,2013-04-02T00:00:00Z,NA,"Yemen, Republic of",Additional Financing for Social Fund for Development IV,Middle East and North Africa,25000000,52b213b38594d8a2be17c876,
248,2013-03-29T00:00:00Z,2020-12-31T00:00:00Z,Indonesia,Research and Innovation in Science and Technology Project,East Asia and Pacific,95000000,52b213b38594d8a2be17c877,
249,2013-03-29T00:00:00Z,2018-05-31T00:00:00Z,Tajikistan,Environmental Land Management and Rural Livelihoods Project,Europe and Central Asia,0,52b213b38594d8a2be17c878,
250,2013-03-29T00:00:00Z,2018-01-31T00:00:00Z,Vietnam,Vietnam - Coastal Resources for Sustainable Development,East Asia and Pacific,0,52b213b38594d8a2be17c879,
251,2013-03-29T00:00:00Z,2018-06-30T00:00:00Z,China,China GEF Large City Congestion and Carbon Reduction Project,East Asia and Pacific,0,52b213b38594d8a2be17c87a,
252,2013-03-29T00:00:00Z,2017-02-28T00:00:00Z,Sudan,Sudan Basic Education Recovery Project,Africa,0,52b213b38594d8a2be17c87b,
253,2013-03-28T00:00:00Z,2018-12-31T00:00:00Z,Uganda,Uganda Support to Municipal Infrastructure Development Program,Africa,150000000,52b213b38594d8a2be17c87c,
254,2013-03-28T00:00:00Z,2018-12-31T00:00:00Z,South Sudan,Local Governance and Service Delivery Project,Africa,50000000,52b213b38594d8a2be17c87d,
255,2013-03-28T00:00:00Z,2018-06-30T00:00:00Z,Mozambique,MZ-Social Protection project,Africa,50000000,52b213b38594d8a2be17c87e,
256,2013-03-28T00:00:00Z,2020-05-31T00:00:00Z,Mozambique,Mozambique Mining and Gas Technical Assistance Project,Africa,50000000,52b213b38594d8a2be17c87f,
257,2013-03-28T00:00:00Z,NA,Mali,Agricultural Competitiveness and Diversification Project,Africa,20000000,52b213b38594d8a2be17c880,
258,2013-03-28T00:00:00Z,NA,Comoros,Comoros Emergency Response Project (Additional Financing),Africa,3000000,52b213b38594d8a2be17c881,
259,2013-03-27T00:00:00Z,2018-09-30T00:00:00Z,Sri Lanka,Sri Lanka - Second Health Sector Development Project,South Asia,200000000,52b213b38594d8a2be17c882,
260,2013-03-27T00:00:00Z,2018-09-28T00:00:00Z,Turkey,SME ENERGY EFFICIENCY,Europe and Central Asia,201000000,52b213b38594d8a2be17c883,
261,2013-03-27T00:00:00Z,2014-03-15T00:00:00Z,Morocco,Second DPL in support of the Plan Maroc Vert,Middle East and North Africa,203200000,52b213b38594d8a2be17c884,
262,2013-03-27T00:00:00Z,2014-06-30T00:00:00Z,Mauritius,MU -Second Public Sector Performance DPL,Africa,20000000,52b213b38594d8a2be17c885,
263,2013-03-27T00:00:00Z,2019-12-15T00:00:00Z,Armenia,Disease Prevention and Control Project,Europe and Central Asia,35000000,52b213b38594d8a2be17c886,
264,2013-03-27T00:00:00Z,2018-09-28T00:00:00Z,Turkey,Turkey SME&#12288;Energy Efficiency Project,Europe and Central Asia,0,52b213b38594d8a2be17c887,
265,2013-03-27T00:00:00Z,2014-06-30T00:00:00Z,Mauritius,Mauritius Second Private Sector Competitiveness DPL,Africa,15000000,52b213b38594d8a2be17c888,
266,2013-03-26T00:00:00Z,2014-06-30T00:00:00Z,Tanzania,Tanzania Poverty Reduction Support Credit 10,Africa,75000000,52b213b38594d8a2be17c889,
267,2013-03-26T00:00:00Z,2018-12-31T00:00:00Z,Nicaragua,Second Land Administration Project (PRODEP II),Latin America and Caribbean,40000000,52b213b38594d8a2be17c88a,
268,2013-03-26T00:00:00Z,2017-10-31T00:00:00Z,Nigeria,Nigeria - State Education Program Investment Project,Africa,150000000,52b213b38594d8a2be17c88b,
269,2013-03-26T00:00:00Z,2018-12-31T00:00:00Z,Tanzania,Energy Sector Capacity Building Project (ESCBP),Africa,21460000,52b213b38594d8a2be17c88c,
270,2013-03-26T00:00:00Z,2020-06-30T00:00:00Z,Nigeria,Nigeria Youth Employment & Social Support Operation,Africa,300000000,52b213b38594d8a2be17c88d,
271,2013-03-26T00:00:00Z,2014-06-30T00:00:00Z,Panama,Second Programmatic Development Policy Loan,Latin America and Caribbean,100000000,52b213b38594d8a2be17c88e,
272,2013-03-26T00:00:00Z,2014-06-30T00:00:00Z,Tanzania,TZ First Power and Gas Sector DPO,Africa,100000000,52b213b38594d8a2be17c88f,
273,2013-03-21T00:00:00Z,2018-08-31T00:00:00Z,Cameroon,Cameroon Social Safety Nets,Africa,50000000,52b213b38594d8a2be17c890,
274,2013-03-21T00:00:00Z,NA,Niger,NE - Transp Sector Program Support Project Addit Fin,Africa,19500000,52b213b38594d8a2be17c891,
275,2013-03-21T00:00:00Z,2013-12-31T00:00:00Z,Burkina Faso,Second Growth and Competitiveness Grant,Africa,70000000,52b213b38594d8a2be17c892,
276,2013-03-20T00:00:00Z,2019-12-31T00:00:00Z,China,CN: Beijing Rooftop Solar Photovoltaic Scale-Up (Sunshine Schools) Project,East Asia and Pacific,120000000,52b213b38594d8a2be17c893,
277,2013-03-20T00:00:00Z,2018-09-30T00:00:00Z,China,Liaoning Coastal Economic Zone Urban Infrastructure and Environmental Management Project,East Asia and Pacific,150000000,52b213b38594d8a2be17c894,
278,2013-03-20T00:00:00Z,2018-12-31T00:00:00Z,China,CN-Jiangxi Poyang Lake Basin and Ecological Economic Zone Small Town Development Project,East Asia and Pacific,150000000,52b213b38594d8a2be17c895,
279,2013-03-20T00:00:00Z,NA,China,Green Energy Schemes for Low-carbon City in Shanghai,East Asia and Pacific,0,52b213b38594d8a2be17c896,
280,2013-03-20T00:00:00Z,2018-12-31T00:00:00Z,China,"Green Energy Schemes for Low-carbon City in Shanghai, China",East Asia and Pacific,100000000,52b213b38594d8a2be17c897,
281,2013-03-20T00:00:00Z,2019-06-30T00:00:00Z,China,Jiangxi Wuxikou Integrated Flood Management Project,East Asia and Pacific,100000000,52b213b38594d8a2be17c898,
282,2013-03-20T00:00:00Z,NA,Vanuatu,"VU:  Telecommunications and ICT TA, Additional Financing",East Asia and Pacific,0,52b213b38594d8a2be17c899,
283,2013-03-19T00:00:00Z,2014-01-30T00:00:00Z,Vietnam,Economic Management Competitiveness Credit 1,East Asia and Pacific,250000000,52b213b38594d8a2be17c89a,
284,2013-03-19T00:00:00Z,2014-02-28T00:00:00Z,Philippines,PH - PH Development Policy Loan 2,East Asia and Pacific,300000000,52b213b38594d8a2be17c89b,
285,2013-03-19T00:00:00Z,2013-12-31T00:00:00Z,Marshall Islands,MH:  First ICT Sector Development Operation,East Asia and Pacific,3000000,52b213b38594d8a2be17c89c,
286,2013-03-19T00:00:00Z,2018-06-30T00:00:00Z,Afghanistan,Afghanistan - Second Skills Development Project,South Asia,55000000,52b213b38594d8a2be17c89d,
287,2013-03-19T00:00:00Z,2014-09-01T00:00:00Z,Moldova,Emergency Agriculture Support Project,Europe and Central Asia,10000000,52b213b38594d8a2be17c89e,
288,2013-03-14T00:00:00Z,2020-01-31T00:00:00Z,Africa,Agricultural Productivity Program for Southern Africa (APPSA),Africa,90000000,52b213b38594d8a2be17c89f,
289,2013-03-14T00:00:00Z,2017-06-30T00:00:00Z,Pakistan,Pakistan: Second Sindh Education Sector Project,South Asia,400000000,52b213b38594d8a2be17c8a0,
290,2013-03-14T00:00:00Z,NA,Benin,AF-Forest and Adjacent Land Management,Africa,0,52b213b38594d8a2be17c8a1,
291,2013-03-14T00:00:00Z,NA,Rwanda,Rwanda Second Support to Social Protection System,Africa,50000000,52b213b38594d8a2be17c8a2,
292,2013-03-14T00:00:00Z,2016-05-31T00:00:00Z,Benin,BJ-Forest & Adjacent Land Mgmt Addit Fin,Africa,2000000,52b213b38594d8a2be17c8a3,
293,2013-03-12T00:00:00Z,2016-12-31T00:00:00Z,Kiribati,Kiribati Grid  Connected Solar PV Project,East Asia and Pacific,0,52b213b38594d8a2be17c8a4,
294,2013-03-12T00:00:00Z,2013-12-31T00:00:00Z,Morocco,Economic Competitiveness Support Program DPL,Middle East and North Africa,160000000,52b213b38594d8a2be17c8a5,
295,2013-03-12T00:00:00Z,2017-12-31T00:00:00Z,Morocco,Morocco Social and Integrated Agriculture,Middle East and North Africa,0,52b213b38594d8a2be17c8a6,
296,2013-03-08T00:00:00Z,NA,Sudan,Second Additional Financing to the North Sudan Decentralized Health System Development Project,Africa,0,52b213b38594d8a2be17c8a7,
297,2013-03-07T00:00:00Z,2018-07-16T00:00:00Z,Kyrgyz Republic,Sector Support for Education Reform Project,Europe and Central Asia,16500000,52b213b38594d8a2be17c8a8,
298,2013-03-07T00:00:00Z,NA,Uzbekistan,Additional Financing to Health System Improvement Project,Europe and Central Asia,93000000,52b213b38594d8a2be17c8a9,
299,2013-03-05T00:00:00Z,2015-12-31T00:00:00Z,Jordan,MSME Development Project for Inclusive Growth,Middle East and North Africa,70000000,52b213b38594d8a2be17c8aa,
300,2013-03-04T00:00:00Z,2013-12-31T00:00:00Z,Indonesia,"ID-TF PNPM Pro-Poor Planning, Budgeting and Monitoring Program",East Asia and Pacific,0,52b213b38594d8a2be17c8ab,
301,2013-03-04T00:00:00Z,NA,Indonesia,ID-PNPM Village Training Project,East Asia and Pacific,0,52b213b38594d8a2be17c8ac,
302,2013-03-04T00:00:00Z,2015-06-30T00:00:00Z,"Yemen, Republic of",Yemen Household Budget Survey,Middle East and North Africa,0,52b213b38594d8a2be17c8ad,
303,2013-02-28T00:00:00Z,2014-06-30T00:00:00Z,Vietnam,Higher Education Development Policy Program - Third Operation,East Asia and Pacific,50000000,52b213b38594d8a2be17c8ae,
304,2013-02-28T00:00:00Z,2017-06-30T00:00:00Z,Vietnam,Vietnam School Readiness Promotion Project,East Asia and Pacific,100000000,52b213b38594d8a2be17c8af,
305,2013-02-28T00:00:00Z,2018-06-30T00:00:00Z,Ethiopia,Ethiopia Health MDG Support Operation,Africa,100000000,52b213b38594d8a2be17c8b0,
306,2013-02-28T00:00:00Z,2018-06-30T00:00:00Z,China,China:Fujian Meizhou Bay Navigation Improvement Project,East Asia and Pacific,50000000,52b213b38594d8a2be17c8b1,
307,2013-02-28T00:00:00Z,2018-06-30T00:00:00Z,Afghanistan,Afghanistan: System Enhancement for Health Action in Transition Project,South Asia,100000000,52b213b38594d8a2be17c8b2,
308,2013-02-28T00:00:00Z,2017-04-29T00:00:00Z,Thailand,Community-based Livelihood Support for the Urban Poor,East Asia and Pacific,0,52b213b38594d8a2be17c8b3,
309,2013-02-28T00:00:00Z,NA,Vietnam,AusAid TA for Vietnam Rural Water Supply and Sanitation PforR,East Asia and Pacific,0,52b213b38594d8a2be17c8b4,
310,2013-02-28T00:00:00Z,2015-04-24T00:00:00Z,Nicaragua,Reducing the Vulnerability of Small Farmers to Price Risk,Latin America and Caribbean,0,52b213b38594d8a2be17c8b5,
311,2013-02-22T00:00:00Z,2014-06-30T00:00:00Z,Burkina Faso,AFSF-Burkina Faso-FCPB,Africa,0,52b213b38594d8a2be17c8b6,
312,2013-02-21T00:00:00Z,2018-01-31T00:00:00Z,Papua New Guinea,PNG Energy Sector Development Project,East Asia and Pacific,7300000,52b213b38594d8a2be17c8b7,
313,2013-02-21T00:00:00Z,2016-12-31T00:00:00Z,Papua New Guinea,GM- PG Energy Sector Development Project,East Asia and Pacific,0,52b213b38594d8a2be17c8b8,
314,2013-02-19T00:00:00Z,NA,Rwanda,Rwanda Electricity Access additional Financing,Africa,60000000,52b213b38594d8a2be17c8b9,
315,2013-02-14T00:00:00Z,2018-12-31T00:00:00Z,"Yemen, Republic of",RY-Road Asset Management Project,Middle East and North Africa,40000000,52b213b38594d8a2be17c8ba,
316,2013-02-14T00:00:00Z,2018-11-30T00:00:00Z,Nepal,Building Resilience to Climate Related Hazards,South Asia,0,52b213b38594d8a2be17c8bb,
317,2013-02-14T00:00:00Z,2013-12-31T00:00:00Z,Morocco,Solid Waste Sector DPL3,Middle East and North Africa,130000000,52b213b38594d8a2be17c8bc,
318,2013-02-14T00:00:00Z,2018-08-31T00:00:00Z,"Yemen, Republic of",Yemen: Second Basic Education Development Project,Middle East and North Africa,66000000,52b213b38594d8a2be17c8bd,
319,2013-02-14T00:00:00Z,2014-06-30T00:00:00Z,"Yemen, Republic of",Emergency Crisis Recovery Project,Middle East and North Africa,100000000,52b213b38594d8a2be17c8be,
320,2013-02-11T00:00:00Z,2014-06-30T00:00:00Z,Cambodia,AFSF - Asia - Cambodia - AMRET,East Asia and Pacific,0,52b213b38594d8a2be17c8bf,
321,2013-02-11T00:00:00Z,2018-03-31T00:00:00Z,Nepal,Nepal Agriculture and Food Security Project,South Asia,0,52b213b38594d8a2be17c8c0,
322,2013-02-08T00:00:00Z,2016-12-31T00:00:00Z,Bangladesh,Climate Resilient Participatory Afforestation and Reforestation Project,South Asia,0,52b213b38594d8a2be17c8c1,
323,2013-02-08T00:00:00Z,NA,Middle East and North Africa,Solid Waste Management OBA Pilot in West Bank,Middle East and North Africa,0,52b213b38594d8a2be17c8c2,
324,2013-02-07T00:00:00Z,NA,Kazakhstan,Kazakhstan - Youth Corps program,Europe and Central Asia,0,52b213b38594d8a2be17c8c3,
325,2013-02-06T00:00:00Z,NA,Timor-Leste,Health Sector Strategic Plan Support Additional Financing,East Asia and Pacific,0,52b213b38594d8a2be17c8c4,
326,2013-02-05T00:00:00Z,2015-06-30T00:00:00Z,Croatia,PEFA Study for Local Governments in Croatia,Europe and Central Asia,0,52b213b38594d8a2be17c8c5,
327,2013-02-04T00:00:00Z,2017-05-30T00:00:00Z,Bhutan,Improving Resilience to Seismic Risk,South Asia,0,52b213b38594d8a2be17c8c6,
328,2013-02-01T00:00:00Z,2018-08-31T00:00:00Z,Samoa,Enhancing the Climate Resilience of the West Coast Road,East Asia and Pacific,0,52b213b38594d8a2be17c8c7,
329,2013-01-31T00:00:00Z,2017-12-31T00:00:00Z,Russian Federation,Microfinance Development Project,Europe and Central Asia,20000000,52b213b38594d8a2be17c8c8,
330,2013-01-31T00:00:00Z,2015-10-31T00:00:00Z,Sierra Leone,Sierra Leone Energy Access Project - Sierra Leone Infrastructure Development Fund,Africa,0,52b213b38594d8a2be17c8c9,
331,2013-01-31T00:00:00Z,2017-06-30T00:00:00Z,Armenia,LIFELINE ROAD NETWORK IMPROVEMENT PROJECT,Europe and Central Asia,45000000,52b213b38594d8a2be17c8ca,
332,2013-01-31T00:00:00Z,2015-06-30T00:00:00Z,Burkina Faso,Emergency Livestock Feed Access Project,Africa,0,52b213b38594d8a2be17c8cb,
333,2013-01-30T00:00:00Z,2016-03-01T00:00:00Z,Armenia,JSDF Strengthening the Livelihoods and Voice of Vulnerable and Disabled Persons in Armenia,Europe and Central Asia,0,52b213b38594d8a2be17c8cc,
334,2013-01-29T00:00:00Z,NA,Vietnam,Mekong Delta Transport Infrastructure Development Project - Additional Financing,East Asia and Pacific,156000000,52b213b38594d8a2be17c8cd,
335,2013-01-29T00:00:00Z,NA,Uzbekistan,SUSTAINABLE AGRICULTURE AND CLIMATE CHANGE MITIGATION PROJECT (GEF),Europe and Central Asia,0,52b213b38594d8a2be17c8ce,
336,2013-01-24T00:00:00Z,NA,Mozambique,Mozambique Nutrition Additional Financing,Africa,37000000,52b213b38594d8a2be17c8cf,
337,2013-01-24T00:00:00Z,2018-08-31T00:00:00Z,Moldova,Moldova Education Reform Project,Europe and Central Asia,40000000,52b213b38594d8a2be17c8d0,
338,2013-01-24T00:00:00Z,2013-06-30T00:00:00Z,Mozambique,Mozambique Climate Change Development Policy Operation,Africa,50000000,52b213b38594d8a2be17c8d1,
339,2013-01-23T00:00:00Z,2015-11-30T00:00:00Z,Moldova,Strengthening the Capacity of the Court of Accounts of Moldova (CoA),Europe and Central Asia,0,52b213b38594d8a2be17c8d2,
340,2013-01-22T00:00:00Z,2018-07-31T00:00:00Z,Tunisia,Tunisia: Ecotourism and Conservation of Desert Biodiversity,Middle East and North Africa,0,52b213b38594d8a2be17c8d3,
341,2013-01-22T00:00:00Z,2013-10-31T00:00:00Z,Myanmar,MM-Reengagement and Reform Support Program,East Asia and Pacific,440000000,52b213b38594d8a2be17c8d4,
342,2013-01-18T00:00:00Z,2015-05-31T00:00:00Z,Nigeria,Nigeria Post-Compliance I EITI,Africa,0,52b213b38594d8a2be17c8d5,
343,2013-01-17T00:00:00Z,2018-03-31T00:00:00Z,Peru,PE Basic Education,Latin America and Caribbean,25000000,52b213b38594d8a2be17c8d6,
344,2013-01-17T00:00:00Z,2019-03-31T00:00:00Z,China,Hunan Forest Restoration and Development Project,East Asia and Pacific,80000000,52b213b38594d8a2be17c8d7,
345,2013-01-17T00:00:00Z,NA,Nicaragua,NI AF Rural Water Supply and Sanitation,Latin America and Caribbean,6000000,52b213b38594d8a2be17c8d8,
346,2013-01-16T00:00:00Z,NA,Vietnam,HIV/AIDS Prevention Additional Financing,East Asia and Pacific,0,52b213b38594d8a2be17c8d9,
347,2013-01-15T00:00:00Z,NA,Tanzania,TANZANIA SECOND CENTRAL TRANSP CORRIDOR PROJECT - ADD'L FINANC,Africa,100000000,52b213b38594d8a2be17c8da,
348,2013-01-15T00:00:00Z,NA,Armenia,Community Agricultural Resource Management and Competitiveness Project,Europe and Central Asia,0,52b213b38594d8a2be17c8db,
349,2013-01-10T00:00:00Z,2016-03-31T00:00:00Z,Albania,Second MDTF for Capacity Building Support to Implement the IPS (IPS 2),Europe and Central Asia,0,52b213b38594d8a2be17c8dc,
350,2013-01-10T00:00:00Z,2016-12-31T00:00:00Z,Europe and Central Asia,ENPI East Countries FLEG II Program,Europe and Central Asia,0,52b213b38594d8a2be17c8dd,
351,2013-01-09T00:00:00Z,2016-05-31T00:00:00Z,Vietnam,Vietnam:  Global Partnership for Education - Vietnam Escuela Nueva Project,East Asia and Pacific,0,52b213b38594d8a2be17c8de,
352,2013-01-09T00:00:00Z,2016-02-18T00:00:00Z,Togo,Integrated Disaster and Land Management Project,Africa,0,52b213b38594d8a2be17c8df,
353,2013-01-08T00:00:00Z,NA,"Macedonia, former Yugoslav Republic of",FYR Macedonia Public Expenditure PBG,Europe and Central Asia,201500000,52b213b38594d8a2be17c8e0,
354,2013-01-01T00:00:00Z,2015-12-31T00:00:00Z,Africa,Nile Cooperation for Results Project,Africa,0,52b213b38594d8a2be17c8e1,
355,2012-12-31T00:00:00Z,2016-12-31T00:00:00Z,Bangladesh,Community Climate Change Project,South Asia,0,52b213b38594d8a2be17c8e2,
356,2012-12-26T00:00:00Z,2017-07-20T00:00:00Z,Papua New Guinea,PNG Social and Economic Empowerment for Women in Mining and Petroleum Areas,East Asia and Pacific,0,52b213b38594d8a2be17c8e3,
357,2012-12-23T00:00:00Z,2014-09-30T00:00:00Z,Maldives,Maldives  Ari Atoll Solid Waste Management Project,South Asia,0,52b213b38594d8a2be17c8e4,
358,2012-12-21T00:00:00Z,NA,Azerbaijan,Azerbaijan - Establishment of Meta-Information System,Europe and Central Asia,0,52b213b38594d8a2be17c8e5,
359,2012-12-20T00:00:00Z,2014-03-31T00:00:00Z,Senegal,SN- First Governance and Growth Support Project,Africa,55000000,52b213b38594d8a2be17c8e6,
360,2012-12-20T00:00:00Z,2015-12-31T00:00:00Z,Namibia,Namibian Coast Conservation Additional Finance,Africa,0,52b213b38594d8a2be17c8e7,
361,2012-12-20T00:00:00Z,2018-05-31T00:00:00Z,Burkina Faso,Third Phase Community Based Rural Development Project,Africa,70000000,52b213b38594d8a2be17c8e8,
362,2012-12-20T00:00:00Z,2018-05-31T00:00:00Z,Burkina Faso,Sustainable land and forestry management Project,Africa,0,52b213b38594d8a2be17c8e9,
363,2012-12-20T00:00:00Z,NA,Kyrgyz Republic,Second Additional Financing for the Second Village Investment Project,Europe and Central Asia,4200000,52b213b38594d8a2be17c8ea,
364,2012-12-20T00:00:00Z,NA,Ukraine,DEVSTAT Additional Financing,Europe and Central Asia,10000000,52b213b38594d8a2be17c8eb,
365,2012-12-19T00:00:00Z,2014-12-31T00:00:00Z,Indonesia,Disaster Risk Management Program for The Third National Program For Community Empowerment in Urban Areas,East Asia and Pacific,0,52b213b38594d8a2be17c8ec,
366,2012-12-18T00:00:00Z,2014-12-31T00:00:00Z,"Congo, Democratic Republic of",DRC Phase II: Extractive Industries Transparency Initiative,Africa,0,52b213b38594d8a2be17c8ed,
367,2012-12-18T00:00:00Z,NA,Central African Republic,Central African Republic - Post Compliance I,Africa,0,52b213b38594d8a2be17c8ee,
368,2012-12-18T00:00:00Z,2018-12-31T00:00:00Z,Afghanistan,Afghanistan: National Horticulture and Livestock Productivity Project,South Asia,0,52b213b38594d8a2be17c8ef,
369,2012-12-17T00:00:00Z,2013-08-31T00:00:00Z,"Egypt, Arab Republic of",Youth Employment,Middle East and North Africa,0,52b213b38594d8a2be17c8f0,
370,2012-12-13T00:00:00Z,2017-12-31T00:00:00Z,Uzbekistan,Alat and Karakul Water Supply Project,Europe and Central Asia,82000000,52b213b38594d8a2be17c8f1,
371,2012-12-13T00:00:00Z,2018-08-31T00:00:00Z,Honduras,HN Safer Municipalities,Latin America and Caribbean,15000000,52b213b38594d8a2be17c8f2,
372,2012-12-13T00:00:00Z,2016-06-30T00:00:00Z,Malawi,Financial Reporting and Oversight Improvement Project,Africa,0,52b213b38594d8a2be17c8f3,
373,2012-12-13T00:00:00Z,2013-06-30T00:00:00Z,Colombia,Productive and Sustainable Cities Development Policy Loan,Latin America and Caribbean,150000000,52b213b38594d8a2be17c8f4,
374,2012-12-13T00:00:00Z,2013-12-31T00:00:00Z,Peru,PE Social Inclusion DPL,Latin America and Caribbean,45000000,52b213b38594d8a2be17c8f5,
375,2012-12-13T00:00:00Z,2017-01-31T00:00:00Z,Peru,PE Social Inclusion TAL,Latin America and Caribbean,10000000,52b213b38594d8a2be17c8f6,
376,2012-12-13T00:00:00Z,2019-04-30T00:00:00Z,Honduras,Disaster Risk Management Project,Latin America and Caribbean,30000000,52b213b38594d8a2be17c8f7,
377,2012-12-11T00:00:00Z,NA,Philippines,Social Welfare and Development Reform Project Additional Financing,East Asia and Pacific,100000000,52b213b38594d8a2be17c8f8,
378,2012-12-11T00:00:00Z,2015-12-31T00:00:00Z,Indonesia,NATIONAL PROGRAM FOR COMMUNITY EMPOWERMENT IN RURAL AREA (PNPM RURAL 2012-2015,East Asia and Pacific,650000000,52b213b38594d8a2be17c8f9,
379,2012-12-11T00:00:00Z,2014-12-31T00:00:00Z,"Gambia, The",The Gambia Emergency Agricultural Production Support Project,Africa,0,52b213b38594d8a2be17c8fa,
380,2012-12-04T00:00:00Z,2018-12-31T00:00:00Z,Vanuatu,Increasing Resilience to Climate Change and Natural Hazards in Vanuatu,East Asia and Pacific,0,52b213b38594d8a2be17c8fb,
381,2012-12-04T00:00:00Z,2018-04-01T00:00:00Z,Peru,HIGHER EDUCATION QUALITY IMPROVEMENT,Latin America and Caribbean,25000000,52b213b38594d8a2be17c8fc,
382,2012-12-04T00:00:00Z,2017-03-31T00:00:00Z,Lao People's Democratic Republic,Lao PDR Second Trade Development Facility Project,East Asia and Pacific,4000000,52b213b38594d8a2be17c8fd,
383,2012-12-03T00:00:00Z,2015-06-30T00:00:00Z,Pakistan,KP Southern Area Development Project,South Asia,0,52b213b38594d8a2be17c8fe,
384,2012-11-29T00:00:00Z,2018-05-31T00:00:00Z,Albania,Water Resources and Irrigation Project,Europe and Central Asia,40000000,52b213b38594d8a2be17c8ff,
385,2012-11-29T00:00:00Z,2013-12-30T00:00:00Z,Comoros,Comoros Development Policy Grant 2,Africa,5000000,52b213b38594d8a2be17c900,
386,2012-11-29T00:00:00Z,2013-06-28T00:00:00Z,"Macedonia, former Yugoslav Republic of",Competitiveness DPL,Europe and Central Asia,50000000,52b213b38594d8a2be17c901,
387,2012-11-29T00:00:00Z,2016-07-31T00:00:00Z,Madagascar,"Madagascar Emergency Support to Critical Education, Health and Nutrition Services Project",Africa,65000000,52b213b38594d8a2be17c902,
388,2012-11-29T00:00:00Z,2017-06-30T00:00:00Z,Madagascar,Emergency Infrastructure Preservation & Vulnerability Reduction Project,Africa,102000000,52b213b38594d8a2be17c903,
389,2012-11-29T00:00:00Z,2018-02-28T00:00:00Z,Tajikistan,TAJIKISTAN SECOND PUBLIC EMPLOYMENT FOR SUSTAINABLE AGRICULTURE AND WATER RESOURCES MANAGEMENT PROJECT,Europe and Central Asia,18000000,52b213b38594d8a2be17c904,
390,2012-11-27T00:00:00Z,2016-06-30T00:00:00Z,West Bank and Gaza,GZ-Gaza Water Supply & Sewage System Improvement,Middle East and North Africa,0,52b213b38594d8a2be17c905,
391,2012-11-27T00:00:00Z,2017-06-30T00:00:00Z,Jordan,JO-Badia Ecosystem and Livelihoods,Middle East and North Africa,0,52b213b38594d8a2be17c906,
392,2012-11-27T00:00:00Z,2013-12-31T00:00:00Z,Tunisia,"Tunisia - Governance, Opportunities and Jobs DPL",Middle East and North Africa,500000000,52b213b38594d8a2be17c907,
393,2012-11-26T00:00:00Z,NA,Sudan,Improving Livestock Production and Marketing Project - A Pilot,Africa,0,52b213b38594d8a2be17c908,
394,2012-11-22T00:00:00Z,2017-12-31T00:00:00Z,China,China HCFC Phase-Out Project (Stage I),East Asia and Pacific,0,52b213b38594d8a2be17c909,
395,2012-11-20T00:00:00Z,2018-12-31T00:00:00Z,India,Himachal Pradesh Watershed Management Project,South Asia,0,52b213b38594d8a2be17c90a,
396,2012-11-20T00:00:00Z,2013-04-30T00:00:00Z,Indonesia,First Connectivity Development Policy Loan,East Asia and Pacific,100000000,52b213b38594d8a2be17c90b,
397,2012-11-20T00:00:00Z,2015-12-31T00:00:00Z,Indonesia,National Community  Empowerment Program In Urban Areas For 2012-2015,East Asia and Pacific,266000000,52b213b38594d8a2be17c90c,
398,2012-11-20T00:00:00Z,2013-04-30T00:00:00Z,Indonesia,"Institutional, Tax Administration, Social and Investment (INSTANSI) DPL",East Asia and Pacific,300000000,52b213b38594d8a2be17c90d,
399,2012-11-20T00:00:00Z,2013-12-31T00:00:00Z,Indonesia,Financial sector and Investment climate Reform and Modernization DPL,East Asia and Pacific,100000000,52b213b38594d8a2be17c90e,
400,2012-11-20T00:00:00Z,NA,Mexico,Sustainable Rural Development Additional Financing,Latin America and Caribbean,50000000,52b213b38594d8a2be17c90f,
401,2012-11-19T00:00:00Z,2015-06-30T00:00:00Z,Pakistan,MDTF FATA Emergency Rural Roads Project,South Asia,0,52b213b38594d8a2be17c910,
402,2012-11-16T00:00:00Z,2015-08-31T00:00:00Z,Pacific Islands,Pacific catastrophe risk insurance pilot program,East Asia and Pacific,0,52b213b38594d8a2be17c911,
403,2012-11-15T00:00:00Z,2018-12-31T00:00:00Z,Kenya,Judicial Performance Improvement,Africa,120000000,52b213b38594d8a2be17c912,
404,2012-11-15T00:00:00Z,2016-12-31T00:00:00Z,Kenya,Kenya Infrastructure Finance/PPP project,Africa,40000000,52b213b38594d8a2be17c913,
405,2012-11-15T00:00:00Z,NA,Nepal,Additional Financing for the Project for Agriculture Commercialization and Trade,South Asia,40000000,52b213b38594d8a2be17c914,
406,2012-11-15T00:00:00Z,2013-06-30T00:00:00Z,Tonga,Tonga Economic Recovery Operation II,East Asia and Pacific,1800000,52b213b38594d8a2be17c915,
407,2012-11-13T00:00:00Z,2017-06-30T00:00:00Z,Vietnam,Vietnam-HCFC Phase-out Project (Phase I),East Asia and Pacific,0,52b213b38594d8a2be17c916,
408,2012-11-13T00:00:00Z,2016-06-30T00:00:00Z,Uruguay,Road Rehabilitation and Maintenance Program,Latin America and Caribbean,66000000,52b213b38594d8a2be17c917,
409,2012-11-13T00:00:00Z,2018-06-30T00:00:00Z,Nicaragua,Adaptation of Nicaraguas  Water Supplies to Climate Change,Latin America and Caribbean,0,52b213b38594d8a2be17c918,
410,2012-11-13T00:00:00Z,2013-06-30T00:00:00Z,Colombia,Second  Programmatic Fiscal Sustainability and Growth Resilience Development Policy Loan,Latin America and Caribbean,200000000,52b213b38594d8a2be17c919,
411,2012-11-13T00:00:00Z,2016-06-30T00:00:00Z,Uruguay,Public Sector Management and Social Inclusion Development Policy Loan,Latin America and Caribbean,260000000,52b213b38594d8a2be17c91a,
412,2012-11-13T00:00:00Z,NA,Nicaragua,Hurricane Felix Emergency Recovery Additional Financing,Latin America and Caribbean,5000000,52b213b38594d8a2be17c91b,
413,2012-11-12T00:00:00Z,2017-08-14T00:00:00Z,Jamaica,Jamaica Social and Economic Inclusion of Persons with Disabilities,Latin America and Caribbean,0,52b213b38594d8a2be17c91c,
414,2012-11-08T00:00:00Z,2013-09-30T00:00:00Z,Vietnam,Vietnam Climate Change Development Policy 2,East Asia and Pacific,70000000,52b213b38594d8a2be17c91d,
415,2012-11-08T00:00:00Z,NA,Ukraine,CTF in Ukraine,Europe and Central Asia,0,52b213b38594d8a2be17c91e,
416,2012-11-06T00:00:00Z,2017-11-30T00:00:00Z,Brazil,SWAp for Parana Multi-sector Development Project,Latin America and Caribbean,350000000,52b213b38594d8a2be17c91f,
417,2012-11-06T00:00:00Z,NA,Brazil,Additional Financing - Rio de Janeiro Sustainable Rural Development,Latin America and Caribbean,100000000,52b213b38594d8a2be17c920,
418,2012-11-06T00:00:00Z,2017-06-30T00:00:00Z,Georgia,Second Regional Development Project,Europe and Central Asia,30000000,52b213b38594d8a2be17c921,
419,2012-11-06T00:00:00Z,2017-03-31T00:00:00Z,"Yemen, Republic of",Emergency Targeted Nutrition Intervention,Middle East and North Africa,0,52b213b38594d8a2be17c922,
420,2012-11-06T00:00:00Z,2014-12-31T00:00:00Z,Maldives,MV: Statistical Capacity Building,South Asia,0,52b213b38594d8a2be17c923,
421,2012-11-06T00:00:00Z,2014-10-31T00:00:00Z,Jordan,Jordan Statistical Capacity Building TF,Middle East and North Africa,0,52b213b38594d8a2be17c924,
422,2012-11-02T00:00:00Z,2014-03-31T00:00:00Z,South Asia,Strengthen IYCF Capacity in SAR,South Asia,0,52b213b38594d8a2be17c925,
423,2012-11-01T00:00:00Z,2013-06-30T00:00:00Z,Moldova,Competitiveness Developmenet Policy Operation,Europe and Central Asia,30000000,52b213b38594d8a2be17c926,
424,2012-11-01T00:00:00Z,2018-07-31T00:00:00Z,Vietnam,Results-Based Rural Water Supply and Sanitation Under the National Target Program,East Asia and Pacific,200000000,52b213b38594d8a2be17c927,
425,2012-11-01T00:00:00Z,2019-01-31T00:00:00Z,Myanmar,Myanmar National Community Driven Development Project,East Asia and Pacific,80000000,52b213b38594d8a2be17c928,
426,2012-10-31T00:00:00Z,2013-05-31T00:00:00Z,Tajikistan,Tajikistan PDPG6,Europe and Central Asia,20000000,52b213b38594d8a2be17c929,
427,2012-10-31T00:00:00Z,2018-06-30T00:00:00Z,Lebanon,LB Supporting Innovation in SMEs Project,Middle East and North Africa,30000000,52b213b38594d8a2be17c92a,
428,2012-10-31T00:00:00Z,2013-08-31T00:00:00Z,Morocco,Amanar for Youth Berbers,Middle East and North Africa,0,52b213b38594d8a2be17c92b,
429,2012-10-31T00:00:00Z,2017-12-31T00:00:00Z,Tajikistan,Tax Administration,Europe and Central Asia,18000000,52b213b38594d8a2be17c92c,
430,2012-10-25T00:00:00Z,2018-09-30T00:00:00Z,Vietnam,Vietnam Industrial Pollution Management Project,East Asia and Pacific,50000000,52b213b38594d8a2be17c92d,
431,2012-10-25T00:00:00Z,2018-07-31T00:00:00Z,Bosnia and Herzegovina,REAL ESTATE REGISTRATION PROJECT,Europe and Central Asia,34100000,52b213b38594d8a2be17c92e,
432,2012-10-25T00:00:00Z,NA,India,HP State Roads Project - Additional Financing,South Asia,61700000,52b213b38594d8a2be17c92f,
433,2012-10-23T00:00:00Z,2018-12-31T00:00:00Z,Tanzania,Urban Local Government Strengthening Program,Africa,255000000,52b213b38594d8a2be17c930,
434,2012-10-23T00:00:00Z,2013-12-31T00:00:00Z,Burundi,Burundi Sixth Economic Reform Support Grant - First Operation in the series of 3,Africa,25000000,52b213b38594d8a2be17c931,
435,2012-10-23T00:00:00Z,2017-11-30T00:00:00Z,Bolivia,Rural Alliances Project II,Latin America and Caribbean,50000000,52b213b38594d8a2be17c932,
436,2012-10-23T00:00:00Z,NA,Bolivia,BO Urban Infrastructure Project (II) Additional Finance,Latin America and Caribbean,24000000,52b213b38594d8a2be17c933,
437,2012-10-23T00:00:00Z,NA,Burundi,Second Additional Financing Burundi Health Sector Development Support Project,Africa,25000000,52b213b38594d8a2be17c934,
438,2012-10-23T00:00:00Z,NA,Tanzania,Accelerated Food Security Project Additional Financing,Africa,25000000,52b213b38594d8a2be17c935,
439,2012-10-23T00:00:00Z,NA,Tanzania,Tanzania: Third Additional Financing for Agricultural Sector Development Project,Africa,30000000,52b213b38594d8a2be17c936,
440,2012-10-22T00:00:00Z,2014-03-31T00:00:00Z,Senegal,"Community Peacebuilding Initiatives in Casamance, Senegal",Africa,0,52b213b38594d8a2be17c937,
441,2012-10-19T00:00:00Z,2017-06-30T00:00:00Z,Nepal,Output-Based Aid for Municipal Solid Waste Management,South Asia,0,52b213b38594d8a2be17c938,
442,2012-10-18T00:00:00Z,NA,Burkina Faso,International Institute for Water and Environmental Engineering AF,Africa,10000000,52b213b38594d8a2be17c939,
443,2012-10-11T00:00:00Z,2015-10-31T00:00:00Z,Ghana,Ghana Partnership for Education,Africa,0,52b213b38594d8a2be17c93a,
444,2012-10-11T00:00:00Z,NA,Kosovo,Energy Sector Cleanup and Land Reclamation Trust Fund,Europe and Central Asia,0,52b213b38594d8a2be17c93b,
445,2012-10-05T00:00:00Z,2013-08-31T00:00:00Z,Morocco,Moroccan Association of Family Renaissance,Middle East and North Africa,0,52b213b38594d8a2be17c93c,
446,2012-10-05T00:00:00Z,2014-06-30T00:00:00Z,Indonesia,Barefoot Engineers III,East Asia and Pacific,0,52b213b38594d8a2be17c93d,
447,2012-10-04T00:00:00Z,2017-06-11T00:00:00Z,Uganda,"An Innovative, Integrated Approach to Enhance Smallholder Family Nutrition",Africa,0,52b213b38594d8a2be17c93e,
448,2012-10-02T00:00:00Z,2018-05-31T00:00:00Z,Bhutan,Remote Rural Communities Development Project,South Asia,9000000,52b213b38594d8a2be17c93f,
449,2012-10-02T00:00:00Z,2013-07-31T00:00:00Z,Bhutan,BT:  DPC 2,South Asia,36000000,52b213b38594d8a2be17c940,
450,2012-10-02T00:00:00Z,2020-04-01T00:00:00Z,Africa,First Part of the Second Phase of the Niger Basin Water Resources Development and Sustainable Ecosystems Management Program - APL 2A,Africa,203000000,52b213b38594d8a2be17c941,
451,2012-10-02T00:00:00Z,2017-12-31T00:00:00Z,Bangladesh,BD: Reaching Out of School Children II,South Asia,130000000,52b213b38594d8a2be17c942,
452,2012-10-02T00:00:00Z,NA,Pakistan,Second Additional Financing for Third Partnership for Polio Eradication Project,South Asia,24000000,52b213b38594d8a2be17c943,
453,2012-09-27T00:00:00Z,2017-12-31T00:00:00Z,India,India - Bihar Panchayat Strengthening Project,South Asia,84000000,52b213b38594d8a2be17c944,
454,2012-09-27T00:00:00Z,2017-12-31T00:00:00Z,Costa Rica,Costa Rica Higher Education,Latin America and Caribbean,200000000,52b213b38594d8a2be17c945,
455,2012-09-27T00:00:00Z,2017-05-31T00:00:00Z,Uruguay,Support to Uruguayan Public Schools Project,Latin America and Caribbean,40000000,52b213b38594d8a2be17c946,
456,2012-09-27T00:00:00Z,2017-12-31T00:00:00Z,Haiti,Rebuilding Energy Infrastructure and Access,Latin America and Caribbean,90000000,52b213b38594d8a2be17c947,
457,2012-09-27T00:00:00Z,NA,India,India:  Karnataka Health Systems Additional Financing,South Asia,70000000,52b213b38594d8a2be17c948,
458,2012-09-27T00:00:00Z,NA,Haiti,AF Infrastructure & Institutions Emergency Recovery,Latin America and Caribbean,35000000,52b213b38594d8a2be17c949,
459,2012-09-27T00:00:00Z,NA,India,AF - HP Mid-Himalayan Watershed Development Project,South Asia,37000000,52b213b38594d8a2be17c94a,
460,2012-09-27T00:00:00Z,2013-12-31T00:00:00Z,Guatemala,First Programmatic Development Policy Loan,Latin America and Caribbean,200000000,52b213b38594d8a2be17c94b,
461,2012-09-25T00:00:00Z,2018-12-31T00:00:00Z,Nigeria,NG-RURAL ACCESS & MOBILITY PROJECT-Phase 2,Africa,170000000,52b213b38594d8a2be17c94c,
462,2012-09-25T00:00:00Z,2019-04-30T00:00:00Z,Ethiopia,Ethiopia-Transport Sector Project in Support of RSDP4,Africa,415000000,52b213b38594d8a2be17c94d,
463,2012-09-25T00:00:00Z,2018-12-31T00:00:00Z,Guinea,Mineral Governance Support Project,Africa,20000000,52b213b38594d8a2be17c94e,
464,2012-09-25T00:00:00Z,2018-01-07T00:00:00Z,Ethiopia,Ethiopia Promoting Basic Services Program Phase III Project,Africa,600000000,52b213b38594d8a2be17c94f,
465,2012-09-20T00:00:00Z,2017-12-31T00:00:00Z,Bangladesh,"BD:  Leveraging ICT Growth, Employment and Governance Project",South Asia,70000000,52b213b38594d8a2be17c950,
466,2012-09-20T00:00:00Z,2018-04-30T00:00:00Z,Bangladesh,Second Rural Transport Improvement Project,South Asia,302000000,52b213b38594d8a2be17c951,
467,2012-09-20T00:00:00Z,2018-01-31T00:00:00Z,Russian Federation,RUSSIA FOREST FIRE RESPONSE PROJECT,Europe and Central Asia,40000000,52b213b38594d8a2be17c952,
468,2012-09-20T00:00:00Z,2013-06-30T00:00:00Z,Seychelles,FIRST SUSTAINABILITY AND COMPETITVENESS DEVELOPMENT POLICY LOAN,Africa,7000000,52b213b38594d8a2be17c953,
469,2012-09-20T00:00:00Z,2016-12-31T00:00:00Z,Ukraine,SECOND ROAD AND SAFETY IMPROVEMENT PROJECT,Europe and Central Asia,450000000,52b213b38594d8a2be17c954,
470,2012-09-20T00:00:00Z,NA,Croatia,Export Finance Intermediation Loan Additional Financing,Europe and Central Asia,61410000,52b213b38594d8a2be17c955,
471,2012-09-20T00:00:00Z,NA,Liberia,Road Asset Management Project - Additional Financing,Africa,50000000,52b213b38594d8a2be17c956,
472,2012-09-20T00:00:00Z,2018-12-31T00:00:00Z,Bangladesh,Rural Electrification and Renewable Energy Development II (RERED II) Project,South Asia,155000000,52b213b38594d8a2be17c957,
473,2012-09-13T00:00:00Z,2014-09-30T00:00:00Z,Armenia,Reports to Conventions - UNCCD - Armenia,Europe and Central Asia,0,52b213b38594d8a2be17c958,
474,2012-09-13T00:00:00Z,NA,Albania,Land Degradation Enabling Activities - Albania,Europe and Central Asia,0,52b213b38594d8a2be17c959,
475,2012-09-11T00:00:00Z,2017-06-30T00:00:00Z,Pakistan,PK: Punjab Cities Governance Improvement,South Asia,150000000,52b213b38594d8a2be17c95a,
476,2012-09-11T00:00:00Z,2018-03-31T00:00:00Z,Indonesia,Indonesia Infrastructure Guarantee Fund Project,East Asia and Pacific,29600000,52b213b38594d8a2be17c95b,
477,2012-09-11T00:00:00Z,2018-12-31T00:00:00Z,Vietnam,Distribution Efficiency Project,East Asia and Pacific,448900000,52b213b38594d8a2be17c95c,
478,2012-09-11T00:00:00Z,NA,Uzbekistan,Additional Financing for the Second Rural Enterprise Support Project,Europe and Central Asia,40000000,52b213b38594d8a2be17c95d,
479,2012-09-11T00:00:00Z,NA,Pakistan,Punjab Land Records Management and Information Systems Project - Additional Financing,South Asia,70000000,52b213b38594d8a2be17c95e,
480,2012-09-10T00:00:00Z,2016-05-07T00:00:00Z,Guatemala,Strengthening the resilience capacity of Maya indigenous peoples and peasants to cope with food insecurity and CC in GT dry-corridor,Latin America and Caribbean,0,52b213b38594d8a2be17c95f,
481,2012-09-10T00:00:00Z,2014-12-31T00:00:00Z,Zambia,Zambia - Extractive Industries Transparency Initiative Implementation Post Compliance I,Africa,0,52b213b38594d8a2be17c960,
482,2012-09-06T00:00:00Z,2015-12-31T00:00:00Z,India,India: ICDS Systems Strengthening & Nutrition Improvement Program (ISSNIP),South Asia,106000000,52b213b38594d8a2be17c961,
483,2012-09-06T00:00:00Z,2018-12-31T00:00:00Z,India,Karnataka Watershed Development II,South Asia,60000000,52b213b38594d8a2be17c962,
484,2012-09-06T00:00:00Z,2013-09-30T00:00:00Z,India,IN: Development Policy Loan (DPL) to Promote Inclusive Green Growth and Sustainable Development in Himachal Pradesh,South Asia,100000000,52b213b38594d8a2be17c963,
485,2012-09-06T00:00:00Z,2015-12-31T00:00:00Z,Philippines,Multi Donor Facility - PH Mindanao Reconstruction & Development,East Asia and Pacific,0,52b213b38594d8a2be17c964,
486,2012-09-05T00:00:00Z,2013-12-31T00:00:00Z,Mongolia,Capacity Builiding for Emerging Infectious Disease Preparedness,East Asia and Pacific,0,52b213b38594d8a2be17c965,
487,2012-09-01T00:00:00Z,2015-01-31T00:00:00Z,Middle East and North Africa,5M: Displaced People in Jordan / Lebanon,Middle East and North Africa,0,52b213b38594d8a2be17c966,
488,2012-08-30T00:00:00Z,2017-08-31T00:00:00Z,Mexico,Sustainable Production Systems and Biodiversity,Latin America and Caribbean,0,52b213b38594d8a2be17c967,
489,2012-08-30T00:00:00Z,2014-01-31T00:00:00Z,Brazil,RIO STATE DEVELOPMENT POLICY LOAN III,Latin America and Caribbean,300000000,52b213b38594d8a2be17c968,
490,2012-08-30T00:00:00Z,2015-06-30T00:00:00Z,Papua New Guinea,Papua New Guinea Settlement Upgrading Programme,East Asia and Pacific,0,52b213b38594d8a2be17c969,
491,2012-08-29T00:00:00Z,2014-06-30T00:00:00Z,Nepal,Nepal PFM-MDTF Strengthening Civil Society Organizations' use of Social Accountability to improve PFM in Nepal,South Asia,0,52b213b38594d8a2be17c96a,
492,2012-08-24T00:00:00Z,2014-03-31T00:00:00Z,West Bank and Gaza,Water Supply and Sanitation Improvements for West Bethlehem Villages,Middle East and North Africa,0,52b213b38594d8a2be17c96b,
493,2012-08-21T00:00:00Z,2015-06-30T00:00:00Z,Pakistan,Pakistan: Promoting Girls' Education in Balochistan (PGEB),South Asia,0,52b213b38594d8a2be17c96c,
494,2012-08-21T00:00:00Z,2015-04-30T00:00:00Z,Bangladesh,Revision and Alignment of NAP with UNCCD 10-year Strategic Plan and Framework,South Asia,0,52b213b38594d8a2be17c96d,
495,2012-08-17T00:00:00Z,2014-06-30T00:00:00Z,Nepal,Nepal: Pilot Project for Seismic School Safety in the kathmandu,South Asia,0,52b213b38594d8a2be17c96e,
496,2012-08-10T00:00:00Z,2013-08-31T00:00:00Z,Jamaica,Technological Scale Up for Youth-led Urban Ornamental Aquaculture,Latin America and Caribbean,0,52b213b38594d8a2be17c96f,
497,2012-08-09T00:00:00Z,2012-12-31T00:00:00Z,Lao People's Democratic Republic,Lao Eight Poverty Reduction Support,East Asia and Pacific,20000000,52b213b38594d8a2be17c970,
498,2012-08-03T00:00:00Z,2014-12-31T00:00:00Z,Guinea,Second Emergency Agricultural Productivity Support Project,Africa,0,52b213b38594d8a2be17c971,
499,2012-08-02T00:00:00Z,2017-09-30T00:00:00Z,Indonesia,Sustainable Management of Agricultural Research and Technology Dissemination (SMARTD),East Asia and Pacific,80000000,52b213b38594d8a2be17c972,
500,2012-08-02T00:00:00Z,2018-12-31T00:00:00Z,Kenya,KENYA: NATIONAL URBAN TRANSPORT IMPROVEMENT PROJECT,Africa,300000000,52b213b38594d8a2be17c973,
